{
  "\u5fae\u4fe1\u56fe\u7247_20260501210844_185_12.jpg": {
    "K": [
      [
        1200.0,
        0.0,
        500.0
      ],
      [
        0.0,
        1200.0,
        375.0
      ],
      [
        0.0,
        0.0,
        1.0
      ]
    ],
    "R": [
      [
        -0.7287426494343534,
        -0.6671377406778408,
        -0.15447131079480503
      ],
      [
        0.6840629685511778,
        -0.7195835927751504,
        -0.11940397005860814
      ],
      [
        -0.031496125989548276,
        -0.19268286891177622,
        0.9807554772090635
      ]
    ],
    "t": [
      -0.39176991194060834,
      0.1788712415920619,
      1.2255867040453552
    ]
  },
  "\u5fae\u4fe1\u56fe\u7247_20260501210845_186_12.jpg": {
    "K": [
      [
        1200.0,
        0.0,
        500.0
      ],
      [
        0.0,
        1200.0,
        375.0
      ],
      [
        0.0,
        0.0,
        1.0
      ]
    ],
    "R": [
      [
        -0.6760356794685182,
        0.5947399008025225,
        0.43504046993233225
      ],
      [
        -0.6891813698934641,
        -0.7192672040766642,
        -0.08765687954465617
      ],
      [
        0.2607772986233792,
        -0.35908096515012283,
        0.896133952592774
      ]
    ],
    "t": [
      0.45293539790481835,
      -0.489708296201375,
      1.7069058815463463
    ]
  },
  "\u5fae\u4fe1\u56fe\u7247_20260501210849_189_12.jpg": {
    "K": [
      [
        1200.0,
        0.0,
        500.0
      ],
      [
        0.0,
        1200.0,
        375.0
      ],
      [
        0.0,
        0.0,
        1.0
      ]
    ],
    "R": [
      [
        -0.973269127618511,
        -0.20976098226220893,
        -0.09352826067609654
      ],
      [
        0.22603817534967227,
        -0.9469743675739661,
        -0.2283556227520523
      ],
      [
        -0.040668765770470655,
        -0.24339243512952508,
        0.9690749062959098
      ]
    ],
    "t": [
      -0.48845259356139514,
      0.027044630496094024,
      1.6101990441015657
    ]
  },
  "\u5fae\u4fe1\u56fe\u7247_20260501210851_190_12.jpg": {
    "K": [
      [
        1200.0,
        0.0,
        500.0
      ],
      [
        0.0,
        1200.0,
        375.0
      ],
      [
        0.0,
        0.0,
        1.0
      ]
    ],
    "R": [
      [
        0.9123267408651119,
        -0.3980180386992513,
        0.09613302643963861
      ],
      [
        0.4089506817960015,
        0.8974571561928223,
        -0.1653178534123816
      ],
      [
        -0.020475784747561003,
        0.19013756511613766,
        0.9815439106686354
      ]
    ],
    "t": [
      0.16617043294564982,
      -0.03505505081987249,
      2.024209605977572
    ]
  },
  "\u5fae\u4fe1\u56fe\u7247_20260501210852_191_12.jpg": {
    "K": [
      [
        1200.0,
        0.0,
        500.0
      ],
      [
        0.0,
        1200.0,
        375.0
      ],
      [
        0.0,
        0.0,
        1.0
      ]
    ],
    "R": [
      [
        0.9612695166175004,
        0.19112302504785142,
        -0.19857720342102597
      ],
      [
        -0.21363643319780665,
        0.9719103089526085,
        -0.0987412059991373
      ],
      [
        0.17412751314044622,
        0.13734023681428298,
        0.9750985942556375
      ]
    ],
    "t": [
      -0.1331894477246681,
      -0.018966686766552845,
      0.3078960724305461
    ]
  },
  "\u5fae\u4fe1\u56fe\u7247_20260501210853_192_12.jpg": {
    "K": [
      [
        1200.0,
        0.0,
        500.0
      ],
      [
        0.0,
        1200.0,
        375.0
      ],
      [
        0.0,
        0.0,
        1.0
      ]
    ],
    "R": [
      [
        -0.9549765653293936,
        0.2817998201892185,
        0.09278265469902572
      ],
      [
        -0.2861861926752371,
        -0.9574325468496537,
        -0.03768794707910779
      ],
      [
        0.07821267668176682,
        -0.06254422095053767,
        0.994972862761575
      ]
    ],
    "t": [
      -0.0885897986466426,
      -0.0843698330594443,
      0.9406123136330382
    ]
  },
  "\u5fae\u4fe1\u56fe\u7247_20260501210855_193_12.jpg": {
    "K": [
      [
        1200.0,
        0.0,
        500.0
      ],
      [
        0.0,
        1200.0,
        375.0
      ],
      [
        0.0,
        0.0,
        1.0
      ]
    ],
    "R": [
      [
        -0.9726704811860262,
        0.21221328256295857,
        0.09422132313440632
      ],
      [
        -0.2108598629970178,
        -0.9772164399506209,
        0.024210486717816553
      ],
      [
        0.09721241281967638,
        0.0036813304780478635,
        0.9952568485570394
      ]
    ],
    "t": [
      -0.11042016758770534,
      0.005257836624581025,
      0.9371161439084368
    ]
  },
  "\u5fae\u4fe1\u56fe\u7247_20260501210856_194_12.jpg": {
    "K": [
      [
        1200.0,
        0.0,
        500.0
      ],
      [
        0.0,
        1200.0,
        375.0
      ],
      [
        0.0,
        0.0,
        1.0
      ]
    ],
    "R": [
      [
        1.0,
        0.0,
        0.0
      ],
      [
        0.0,
        1.0,
        0.0
      ],
      [
        0.0,
        0.0,
        1.0
      ]
    ],
    "t": [
      0.0,
      0.0,
      0.0
    ]
  },
  "\u5fae\u4fe1\u56fe\u7247_20260501210859_196_12.jpg": {
    "K": [
      [
        1200.0,
        0.0,
        500.0
      ],
      [
        0.0,
        1200.0,
        375.0
      ],
      [
        0.0,
        0.0,
        1.0
      ]
    ],
    "R": [
      [
        0.9395603714039613,
        0.28541921220288147,
        0.18910891515932504
      ],
      [
        -0.34204594435672897,
        0.7579570997849032,
        0.5554328103693297
      ],
      [
        0.015194750289615214,
        -0.5865465950725012,
        0.8097729381576613
      ]
    ],
    "t": [
      0.572570495768903,
      0.6024722411384743,
      1.1376743477227895
    ]
  },
  "\u5fae\u4fe1\u56fe\u7247_20260501210902_198_12.jpg": {
    "K": [
      [
        1200.0,
        0.0,
        500.0
      ],
      [
        0.0,
        1200.0,
        375.0
      ],
      [
        0.0,
        0.0,
        1.0
      ]
    ],
    "R": [
      [
        0.9743148874901786,
        0.11840336158380932,
        0.19154932518976506
      ],
      [
        -0.13039545169412162,
        0.9901383111761276,
        0.051216705465814825
      ],
      [
        -0.18359609525392054,
        -0.07487835940336657,
        0.9801457570691073
      ]
    ],
    "t": [
      -0.13861553158015197,
      0.05918496272408149,
      0.07301197196526951
    ]
  },
  "\u5fae\u4fe1\u56fe\u7247_20260501210903_199_12.jpg": {
    "K": [
      [
        1200.0,
        0.0,
        500.0
      ],
      [
        0.0,
        1200.0,
        375.0
      ],
      [
        0.0,
        0.0,
        1.0
      ]
    ],
    "R": [
      [
        0.9603958583164556,
        0.2756721301175555,
        0.040554555909887866
      ],
      [
        -0.26288129701207746,
        0.8481826635247407,
        0.45986910417783505
      ],
      [
        0.09237542427424407,
        -0.4523174172774315,
        0.8870601642603659
      ]
    ],
    "t": [
      -0.01364128313711584,
      -0.26022619999760066,
      -0.14398766492008513
    ]
  },
  "\u5fae\u4fe1\u56fe\u7247_20260501210908_203_12.jpg": {
    "K": [
      [
        1200.0,
        0.0,
        500.0
      ],
      [
        0.0,
        1200.0,
        375.0
      ],
      [
        0.0,
        0.0,
        1.0
      ]
    ],
    "R": [
      [
        0.40403740564999396,
        -0.9145507762674139,
        0.018725716656328627
      ],
      [
        0.9080592392996947,
        0.39853137109617603,
        -0.12884550506192272
      ],
      [
        0.11037297113914327,
        0.0690624636171698,
        0.991487863446167
      ]
    ],
    "t": [
      0.31440240308273965,
      -0.052677805787747,
      1.2984857594582102
    ]
  },