{
  "\u5fae\u4fe1\u56fe\u7247_20260501210844_185_12.jpg": {
    "min_depth": 2.4850854165922294,
    "max_depth": 14.674474675287685
  },
  "\u5fae\u4fe1\u56fe\u7247_20260501210845_186_12.jpg": {
    "min_depth": 2.953965007172565,
    "max_depth": 13.739547496559798
  },
  "\u5fae\u4fe1\u56fe\u7247_20260501210849_189_12.jpg": {
    "min_depth": 2.821984056091951,
    "max_depth": 15.154451147548292
  },
  "\u5fae\u4fe1\u56fe\u7247_20260501210851_190_12.jpg": {
    "min_depth": 3.160002727418289,
    "max_depth": 14.768037097017352
  },
  "\u5fae\u4fe1\u56fe\u7247_20260501210852_191_12.jpg": {
    "min_depth": 1.7463040204725477,
    "max_depth": 12.660545280771892
  },
  "\u5fae\u4fe1\u56fe\u7247_20260501210853_192_12.jpg": {
    "min_depth": 2.2947645344191967,
    "max_depth": 14.20447054368604
  },
  "\u5fae\u4fe1\u56fe\u7247_20260501210855_193_12.jpg": {
    "min_depth": 2.2903787577572197,
    "max_depth": 14.166965334519919
  },
  "\u5fae\u4fe1\u56fe\u7247_20260501210856_194_12.jpg": {
    "min_depth": 1.7419632803909717,
    "max_depth": 13.371509752393932
  },
  "\u5fae\u4fe1\u56fe\u7247_20260501210859_196_12.jpg": {
    "min_depth": 2.3195802857325942,
    "max_depth": 13.444448750284538
  },
  "\u5fae\u4fe1\u56fe\u7247_20260501210902_198_12.jpg": {
    "min_depth": 1.7458023376233949,
    "max_depth": 14.06870739119309
  },
  "\u5fae\u4fe1\u56fe\u7247_20260501210903_199_12.jpg": {
    "min_depth": 1.3202210685744709,
    "max_depth": 12.396974259617854
  },
  "\u5fae\u4fe1\u56fe\u7247_20260501210908_203_12.jpg": {
    "min_depth": 2.5925259248750105,
    "max_depth": 14.349503090517931
  },
  "\u5fae\u4fe1\u56fe\u7247_20260501210910_204_12.jpg": {
    "min_depth": 2.247401255145353,
    "max_depth": 13.37454245378056
  },
  "\u5fae\u4fe1\u56fe\u7247_20260501210911_205_12.jpg": {
    "min_depth": 2.6443796537554474,
    "max_depth": 13.75416042826163
  },
  "\u5fae\u4fe1\u56fe\u7247_20260501210912_206_12.jpg": {
    "min_depth": 2.076055740961049,
    "max_depth": 13.94376830371083
  },
  "\u5fae\u4fe1\u56fe\u7247_20260501210913_207_12.jpg": {
    "min_depth": 2.6547744417875143,
    "max_depth": 13.727203705469803
  },
  "\u5fae\u4fe1\u56fe\u7247_20260501210915_208_12.jpg": {
    "min_depth": 2.553459933150938,
    "max_depth": 13.59433663065178
  },
  "\u5fae\u4fe1\u56fe\u7247_20260501210916_209_12.jpg": {
    "min_depth": 2.096846971318039,
    "max_depth": 14.846993738475252
  },
  "\u5fae\u4fe1\u56fe\u7247_20260501210917_210_12.jpg": {
    "min_depth": 1.6534281018599093,
    "max_depth": 14.620071696114255
  },
  "\u5fae\u4fe1\u56fe\u7247_20260501210918_211_12.jpg": {
    "min_depth": 2.100196617960517,
    "max_depth": 11.671417483673851
  },
  "\u5fae\u4fe1\u56fe\u7247_20260501210920_212_12.jpg": {
    "min_depth": 2.2034071003649696,
    "max_depth": 11.869825607978559
  },
  "\u5fae\u4fe1\u56fe\u7247_20260501210921_213_12.jpg": {
    "min_depth": 1.6056881062579398,
    "max_depth": 9.61602909766472
  },
  "\u5fae\u4fe1\u56fe\u7247_20260501210922_214_12.jpg": {
    "min_depth": 1.5541205182484863,
    "max_depth": 9.736473794205544
  },
  "\u5fae\u4fe1\u56fe\u7247_20260501210923_215_12.jpg": {
    "min_depth": 1.5595586850217649,
    "max_depth": 11.124665275204359
  },
  "\u5fae\u4fe1\u56fe\u7247_20260501210925_216_12.jpg": {
    "min_depth": 1.8098412148650551,
    "max_depth": 11.929885539451613
  },
  "\u5fae\u4fe1\u56fe\u7247_20260501210926_217_12.jpg": {
    "min_depth": 1.5899189236977012,
    "max_depth": 12.011302062048529
  },
  "\u5fae\u4fe1\u56fe\u7247_20260501210927_218_12.jpg": {
    "min_depth": 1.6394487433262994,
    "max_depth": 11.671482373363899
  },
  "\u5fae\u4fe1\u56fe\u7247_20260501210929_219_12.jpg": {
    "min_depth": 1.4464266839551911,
    "max_depth": 13.364148049985658
  },
  "\u5fae\u4fe1\u56fe\u7247_20260501210933_220_12.jpg": {
    "min_depth": 1.6723868443287577,
    "max_depth": 11.228081499871523
  }
}